model,mse,base_model
CausalForestDML_n_estimators600_min_samples_leaf10,0.03611709081226484,CausalForestDML
CausalForestDML_n_estimators200_min_samples_leaf10,0.03635025156248782,CausalForestDML
CausalForestDML_n_estimators1000_min_samples_leaf10,0.036495340379909744,CausalForestDML
CausalForestDML_n_estimators40_min_samples_leaf10,0.0366359577657618,CausalForestDML
CausalForestDML_n_estimators100_min_samples_leaf10,0.037226216251637814,CausalForestDML
CausalForestDML_n_estimators100_min_samples_leaf5,0.03730964202188664,CausalForestDML
CausalForestDML_n_estimators600_min_samples_leaf1,0.03732231778671634,CausalForestDML
CausalForestDML_n_estimators1000_min_samples_leaf1,0.03735428531729912,CausalForestDML
CausalForestDML_n_estimators200_min_samples_leaf5,0.03738690171618396,CausalForestDML
CausalForestDML_n_estimators100_min_samples_leaf1,0.03792359069060698,CausalForestDML
CausalForestDML_n_estimators1000_min_samples_leaf5,0.03799152103747962,CausalForestDML
CausalForestDML_n_estimators200_min_samples_leaf1,0.03811336046428368,CausalForestDML
CausalForestDML_n_estimators600_min_samples_leaf5,0.03821373145389976,CausalForestDML
CausalForestDML_n_estimators40_min_samples_leaf5,0.039660025375332655,CausalForestDML
CausalForestDML_n_estimators40_min_samples_leaf1,0.04138007702469708,CausalForestDML
DecisionTreeRegressor_max_depth10_min_samples_split10_min_samples_leaf2,0.08856739041993138,DecisionTreeRegressor
DecisionTreeRegressor_max_depthNone_min_samples_split10_min_samples_leaf2,0.10727492877149689,DecisionTreeRegressor
DecisionTreeRegressor_max_depth10_min_samples_split5_min_samples_leaf2,0.10774953119742862,DecisionTreeRegressor
DecisionTreeRegressor_max_depth20_min_samples_split5_min_samples_leaf2,0.10840047749721642,DecisionTreeRegressor
DecisionTreeRegressor_max_depth30_min_samples_split10_min_samples_leaf2,0.10914322619932122,DecisionTreeRegressor
DecisionTreeRegressor_max_depth10_min_samples_split2_min_samples_leaf2,0.10969197047306393,DecisionTreeRegressor
DecisionTreeRegressor_max_depth10_min_samples_split10_min_samples_leaf4,0.11105741627630092,DecisionTreeRegressor
DecisionTreeRegressor_max_depth10_min_samples_split2_min_samples_leaf4,0.1117505130215003,DecisionTreeRegressor
DecisionTreeRegressor_max_depth10_min_samples_split5_min_samples_leaf4,0.11471218600616193,DecisionTreeRegressor
DecisionTreeRegressor_max_depthNone_min_samples_split10_min_samples_leaf4,0.11524519858267297,DecisionTreeRegressor
DecisionTreeRegressor_max_depth20_min_samples_split10_min_samples_leaf4,0.11548407019422388,DecisionTreeRegressor
DecisionTreeRegressor_max_depth30_min_samples_split10_min_samples_leaf4,0.11553376372866415,DecisionTreeRegressor
DecisionTreeRegressor_max_depth20_min_samples_split5_min_samples_leaf4,0.11638021455470407,DecisionTreeRegressor
DecisionTreeRegressor_max_depth30_min_samples_split2_min_samples_leaf4,0.11674477995800492,DecisionTreeRegressor
DecisionTreeRegressor_max_depth30_min_samples_split5_min_samples_leaf4,0.11707097221037684,DecisionTreeRegressor
DecisionTreeRegressor_max_depthNone_min_samples_split2_min_samples_leaf4,0.11728553929549271,DecisionTreeRegressor
DecisionTreeRegressor_max_depth20_min_samples_split10_min_samples_leaf2,0.11980160377467856,DecisionTreeRegressor
DecisionTreeRegressor_max_depth20_min_samples_split2_min_samples_leaf4,0.12044051907600886,DecisionTreeRegressor
DecisionTreeRegressor_max_depthNone_min_samples_split5_min_samples_leaf4,0.12067335231056622,DecisionTreeRegressor
DecisionTreeRegressor_max_depthNone_min_samples_split2_min_samples_leaf2,0.12162603711928796,DecisionTreeRegressor
DecisionTreeRegressor_max_depth30_min_samples_split2_min_samples_leaf2,0.12831198852597833,DecisionTreeRegressor
DecisionTreeRegressor_max_depthNone_min_samples_split5_min_samples_leaf2,0.12952390394249966,DecisionTreeRegressor
DecisionTreeRegressor_max_depth30_min_samples_split5_min_samples_leaf2,0.13148375113762772,DecisionTreeRegressor
DecisionTreeRegressor_max_depth30_min_samples_split10_min_samples_leaf1,0.140037445600026,DecisionTreeRegressor
DecisionTreeRegressor_max_depth20_min_samples_split10_min_samples_leaf1,0.1479864919169646,DecisionTreeRegressor
DecisionTreeRegressor_max_depth20_min_samples_split2_min_samples_leaf2,0.14886785860319948,DecisionTreeRegressor
DecisionTreeRegressor_max_depth10_min_samples_split10_min_samples_leaf1,0.14903802707146774,DecisionTreeRegressor
DecisionTreeRegressor_max_depthNone_min_samples_split10_min_samples_leaf1,0.1579910411180144,DecisionTreeRegressor
DecisionTreeRegressor_max_depth30_min_samples_split2_min_samples_leaf1,0.1768093986371741,DecisionTreeRegressor
DecisionTreeRegressor_max_depth20_min_samples_split5_min_samples_leaf1,0.17959293211040978,DecisionTreeRegressor
DecisionTreeRegressor_max_depthNone_min_samples_split5_min_samples_leaf1,0.19189643794130884,DecisionTreeRegressor
DecisionTreeRegressor_max_depthNone_min_samples_split2_min_samples_leaf1,0.19332969221329663,DecisionTreeRegressor
DecisionTreeRegressor_max_depth10_min_samples_split2_min_samples_leaf1,0.19381555851707627,DecisionTreeRegressor
DecisionTreeRegressor_max_depth10_min_samples_split5_min_samples_leaf1,0.20226498057648476,DecisionTreeRegressor
DecisionTreeRegressor_max_depth30_min_samples_split5_min_samples_leaf1,0.21285066521847473,DecisionTreeRegressor
DecisionTreeRegressor_max_depth20_min_samples_split2_min_samples_leaf1,0.24104719484354825,DecisionTreeRegressor
GradientBoostingRegressor_n_estimators50_learning_rate0.01_max_depth3,0.031080950432336198,GradientBoostingRegressor
GradientBoostingRegressor_n_estimators50_learning_rate0.01_max_depth5,0.0329835667180131,GradientBoostingRegressor
GradientBoostingRegressor_n_estimators50_learning_rate0.01_max_depth7,0.03380787046724336,GradientBoostingRegressor
GradientBoostingRegressor_n_estimators100_learning_rate0.01_max_depth3,0.035895835483005664,GradientBoostingRegressor
GradientBoostingRegressor_n_estimators100_learning_rate0.01_max_depth5,0.0416890797247015,GradientBoostingRegressor
GradientBoostingRegressor_n_estimators200_learning_rate0.01_max_depth3,0.04494332771052704,GradientBoostingRegressor
GradientBoostingRegressor_n_estimators100_learning_rate0.01_max_depth7,0.04622938224898462,GradientBoostingRegressor
GradientBoostingRegressor_n_estimators50_learning_rate0.1_max_depth3,0.056945719490562464,GradientBoostingRegressor
GradientBoostingRegressor_n_estimators200_learning_rate0.01_max_depth5,0.05840845954969354,GradientBoostingRegressor
GradientBoostingRegressor_n_estimators200_learning_rate0.01_max_depth7,0.06535108699405404,GradientBoostingRegressor
GradientBoostingRegressor_n_estimators100_learning_rate0.1_max_depth3,0.07008057850378335,GradientBoostingRegressor
GradientBoostingRegressor_n_estimators50_learning_rate0.1_max_depth5,0.07295028725415524,GradientBoostingRegressor
GradientBoostingRegressor_n_estimators50_learning_rate0.2_max_depth3,0.08013126430609978,GradientBoostingRegressor
GradientBoostingRegressor_n_estimators50_learning_rate0.1_max_depth7,0.08161945635086801,GradientBoostingRegressor
GradientBoostingRegressor_n_estimators100_learning_rate0.1_max_depth5,0.08919985022151272,GradientBoostingRegressor
GradientBoostingRegressor_n_estimators100_learning_rate0.1_max_depth7,0.09046848858097269,GradientBoostingRegressor
GradientBoostingRegressor_n_estimators200_learning_rate0.1_max_depth3,0.09192464162963257,GradientBoostingRegressor
GradientBoostingRegressor_n_estimators50_learning_rate0.2_max_depth5,0.094774287976813,GradientBoostingRegressor
GradientBoostingRegressor_n_estimators200_learning_rate0.1_max_depth7,0.09721351101254135,GradientBoostingRegressor
GradientBoostingRegressor_n_estimators50_learning_rate0.2_max_depth7,0.10051152058719401,GradientBoostingRegressor
GradientBoostingRegressor_n_estimators100_learning_rate0.2_max_depth3,0.10090263744696841,GradientBoostingRegressor
GradientBoostingRegressor_n_estimators100_learning_rate0.2_max_depth7,0.10453577051966571,GradientBoostingRegressor
GradientBoostingRegressor_n_estimators200_learning_rate0.1_max_depth5,0.10508668098017396,GradientBoostingRegressor
GradientBoostingRegressor_n_estimators100_learning_rate0.2_max_depth5,0.1088342955750105,GradientBoostingRegressor
GradientBoostingRegressor_n_estimators200_learning_rate0.2_max_depth7,0.11091091388727706,GradientBoostingRegressor
GradientBoostingRegressor_n_estimators200_learning_rate0.2_max_depth5,0.11926809439110272,GradientBoostingRegressor
GradientBoostingRegressor_n_estimators200_learning_rate0.2_max_depth3,0.13035407389398684,GradientBoostingRegressor
"MLPRegressor_hidden_layer_sizes(50,)_learning_rate_init0.001_max_iter1000",0.029212000611987643,MLPRegressor
"MLPRegressor_hidden_layer_sizes(50,)_learning_rate_init0.001_max_iter500",0.03083493893106352,MLPRegressor
"MLPRegressor_hidden_layer_sizes(50,)_learning_rate_init0.001_max_iter200",0.032585239411417125,MLPRegressor
"MLPRegressor_hidden_layer_sizes(100,)_learning_rate_init0.001_max_iter200",0.03570020937728672,MLPRegressor
"MLPRegressor_hidden_layer_sizes(100,)_learning_rate_init0.001_max_iter500",0.03792698831164698,MLPRegressor
"MLPRegressor_hidden_layer_sizes(100,)_learning_rate_init0.001_max_iter1000",0.038482755537018944,MLPRegressor
"MLPRegressor_hidden_layer_sizes(100,)_learning_rate_init0.1_max_iter500",0.04080018651213056,MLPRegressor
"MLPRegressor_hidden_layer_sizes(50,)_learning_rate_init0.1_max_iter1000",0.040865183509205136,MLPRegressor
"MLPRegressor_hidden_layer_sizes(50,)_learning_rate_init0.1_max_iter500",0.0437700830086371,MLPRegressor
"MLPRegressor_hidden_layer_sizes(50, 50)_learning_rate_init0.001_max_iter1000",0.04428236418953852,MLPRegressor
"MLPRegressor_hidden_layer_sizes(50, 50)_learning_rate_init0.001_max_iter500",0.04698412490455606,MLPRegressor
"MLPRegressor_hidden_layer_sizes(100,)_learning_rate_init0.1_max_iter200",0.050355494801532806,MLPRegressor
"MLPRegressor_hidden_layer_sizes(50, 50)_learning_rate_init0.1_max_iter1000",0.05049323509306232,MLPRegressor
"MLPRegressor_hidden_layer_sizes(50, 50)_learning_rate_init0.01_max_iter1000",0.050703228387401524,MLPRegressor
"MLPRegressor_hidden_layer_sizes(50, 50)_learning_rate_init0.001_max_iter200",0.05086832761569782,MLPRegressor
"MLPRegressor_hidden_layer_sizes(100,)_learning_rate_init0.01_max_iter500",0.051189544109263886,MLPRegressor
"MLPRegressor_hidden_layer_sizes(50,)_learning_rate_init0.01_max_iter200",0.0514506486703015,MLPRegressor
"MLPRegressor_hidden_layer_sizes(50, 50)_learning_rate_init0.1_max_iter500",0.051974596857697695,MLPRegressor
"MLPRegressor_hidden_layer_sizes(100,)_learning_rate_init0.01_max_iter200",0.053397006729853404,MLPRegressor
"MLPRegressor_hidden_layer_sizes(50,)_learning_rate_init0.01_max_iter1000",0.05352235680726738,MLPRegressor
"MLPRegressor_hidden_layer_sizes(100,)_learning_rate_init0.01_max_iter1000",0.053696836944790216,MLPRegressor
"MLPRegressor_hidden_layer_sizes(100,)_learning_rate_init0.1_max_iter1000",0.0559350674442756,MLPRegressor
"MLPRegressor_hidden_layer_sizes(50,)_learning_rate_init0.1_max_iter200",0.056781657913417515,MLPRegressor
"MLPRegressor_hidden_layer_sizes(50, 50)_learning_rate_init0.01_max_iter200",0.05938347391941022,MLPRegressor
"MLPRegressor_hidden_layer_sizes(50, 50)_learning_rate_init0.01_max_iter500",0.0610887574776565,MLPRegressor
"MLPRegressor_hidden_layer_sizes(50,)_learning_rate_init0.01_max_iter500",0.06298043991186375,MLPRegressor
"MLPRegressor_hidden_layer_sizes(50, 50)_learning_rate_init0.1_max_iter200",0.08332502281134242,MLPRegressor
NearestNeighbors_n_neighbors15_weightsuniform_metricmanhattan,0.04813288816632274,NearestNeighbors
NearestNeighbors_n_neighbors15_weightsuniform_metricminkowski,0.04904538328949872,NearestNeighbors
NearestNeighbors_n_neighbors15_weightsuniform_metriceuclidean,0.04904538328949872,NearestNeighbors
NearestNeighbors_n_neighbors13_weightsuniform_metricmanhattan,0.04983777348508856,NearestNeighbors
NearestNeighbors_n_neighbors13_weightsuniform_metriceuclidean,0.05041921258800468,NearestNeighbors
NearestNeighbors_n_neighbors13_weightsuniform_metricminkowski,0.05041921258800468,NearestNeighbors
NearestNeighbors_n_neighbors15_weightsdistance_metricmanhattan,0.05314589476195648,NearestNeighbors
NearestNeighbors_n_neighbors11_weightsuniform_metricmanhattan,0.05345957661632008,NearestNeighbors
NearestNeighbors_n_neighbors15_weightsdistance_metricminkowski,0.054297363748415116,NearestNeighbors
NearestNeighbors_n_neighbors15_weightsdistance_metriceuclidean,0.054297363748415116,NearestNeighbors
NearestNeighbors_n_neighbors11_weightsuniform_metriceuclidean,0.05539396003108079,NearestNeighbors
NearestNeighbors_n_neighbors11_weightsuniform_metricminkowski,0.05539396003108079,NearestNeighbors
NearestNeighbors_n_neighbors13_weightsdistance_metricmanhattan,0.0563635749468552,NearestNeighbors
NearestNeighbors_n_neighbors13_weightsdistance_metricminkowski,0.05684720306009842,NearestNeighbors
NearestNeighbors_n_neighbors13_weightsdistance_metriceuclidean,0.05684720306009842,NearestNeighbors
NearestNeighbors_n_neighbors9_weightsuniform_metricmanhattan,0.05772143232735768,NearestNeighbors
NearestNeighbors_n_neighbors11_weightsdistance_metricmanhattan,0.05968855350431816,NearestNeighbors
NearestNeighbors_n_neighbors9_weightsuniform_metriceuclidean,0.061446314415647664,NearestNeighbors
NearestNeighbors_n_neighbors9_weightsuniform_metricminkowski,0.061446314415647664,NearestNeighbors
NearestNeighbors_n_neighbors11_weightsdistance_metriceuclidean,0.0616629387681565,NearestNeighbors
NearestNeighbors_n_neighbors11_weightsdistance_metricminkowski,0.0616629387681565,NearestNeighbors
NearestNeighbors_n_neighbors9_weightsdistance_metricmanhattan,0.0647248832241655,NearestNeighbors
NearestNeighbors_n_neighbors7_weightsuniform_metricminkowski,0.06728196725558147,NearestNeighbors
NearestNeighbors_n_neighbors7_weightsuniform_metriceuclidean,0.06728196725558147,NearestNeighbors
NearestNeighbors_n_neighbors9_weightsdistance_metriceuclidean,0.06793595468936955,NearestNeighbors
NearestNeighbors_n_neighbors9_weightsdistance_metricminkowski,0.06793595468936955,NearestNeighbors
NearestNeighbors_n_neighbors7_weightsuniform_metricmanhattan,0.06937797120379943,NearestNeighbors
NearestNeighbors_n_neighbors7_weightsdistance_metricmanhattan,0.07364197727851388,NearestNeighbors
NearestNeighbors_n_neighbors7_weightsdistance_metriceuclidean,0.07529730847560946,NearestNeighbors
NearestNeighbors_n_neighbors7_weightsdistance_metricminkowski,0.07529730847560946,NearestNeighbors
NearestNeighbors_n_neighbors5_weightsuniform_metricmanhattan,0.08403666054142081,NearestNeighbors
NearestNeighbors_n_neighbors5_weightsuniform_metriceuclidean,0.08564828817279282,NearestNeighbors
NearestNeighbors_n_neighbors5_weightsuniform_metricminkowski,0.08564828817279282,NearestNeighbors
NearestNeighbors_n_neighbors5_weightsdistance_metricmanhattan,0.08858142297334479,NearestNeighbors
NearestNeighbors_n_neighbors5_weightsdistance_metriceuclidean,0.0903109818080979,NearestNeighbors
NearestNeighbors_n_neighbors5_weightsdistance_metricminkowski,0.0903109818080979,NearestNeighbors
RandomForestRegressor_n_estimators50_max_depth10,0.06352739929503828,RandomForestRegressor
RandomForestRegressor_n_estimators100_max_depth10,0.06368049078086187,RandomForestRegressor
RandomForestRegressor_n_estimators200_max_depth50,0.06470365465597536,RandomForestRegressor
RandomForestRegressor_n_estimators600_max_depth10,0.06484787948548157,RandomForestRegressor
RandomForestRegressor_n_estimators1000_max_depth10,0.06494576228959888,RandomForestRegressor
RandomForestRegressor_n_estimators200_max_depth10,0.06516144822979798,RandomForestRegressor
RandomForestRegressor_n_estimators200_max_depth100,0.0659151195223802,RandomForestRegressor
RandomForestRegressor_n_estimators1000_max_depth100,0.06689213169818489,RandomForestRegressor
RandomForestRegressor_n_estimators600_max_depth50,0.06701310003890373,RandomForestRegressor
RandomForestRegressor_n_estimators600_max_depth20,0.0670643915567811,RandomForestRegressor
RandomForestRegressor_n_estimators1000_max_depth50,0.06709785587513,RandomForestRegressor
RandomForestRegressor_n_estimators600_max_depth100,0.0671593288546959,RandomForestRegressor
RandomForestRegressor_n_estimators1000_max_depth20,0.06718229331348687,RandomForestRegressor
RandomForestRegressor_n_estimators1000_max_depthNone,0.06723984750678078,RandomForestRegressor
RandomForestRegressor_n_estimators100_max_depthNone,0.06733160921943354,RandomForestRegressor
RandomForestRegressor_n_estimators100_max_depth50,0.06733969564784734,RandomForestRegressor
RandomForestRegressor_n_estimators600_max_depthNone,0.06743497755748326,RandomForestRegressor
RandomForestRegressor_n_estimators100_max_depth100,0.06931599481528115,RandomForestRegressor
RandomForestRegressor_n_estimators200_max_depthNone,0.06955978175741566,RandomForestRegressor
RandomForestRegressor_n_estimators50_max_depth20,0.07030505616858071,RandomForestRegressor
RandomForestRegressor_n_estimators200_max_depth20,0.0703916341701279,RandomForestRegressor
RandomForestRegressor_n_estimators100_max_depth20,0.0704784038829579,RandomForestRegressor
RandomForestRegressor_n_estimators50_max_depth100,0.07184515034107934,RandomForestRegressor
RandomForestRegressor_n_estimators50_max_depthNone,0.07256232542766394,RandomForestRegressor
RandomForestRegressor_n_estimators50_max_depth50,0.07641389045152314,RandomForestRegressor
SVR_C0.1_gamma0.0001_kernelrbf,0.03554565965091492,SVR
SVR_C0.1_gamma0.0001_kernellinear,0.035642107806708116,SVR
SVR_C0.1_gamma1_kernellinear,0.035642107806708116,SVR
SVR_C0.1_gamma0.1_kernellinear,0.035642107806708116,SVR
SVR_C0.1_gammascale_kernellinear,0.035642107806708116,SVR
SVR_C0.1_gamma0.001_kernellinear,0.035642107806708116,SVR
SVR_C0.1_gamma0.01_kernellinear,0.035642107806708116,SVR
SVR_C1_gamma0.0001_kernelrbf,0.035698308715670826,SVR
SVR_C0.1_gamma0.001_kernelrbf,0.035699725088392475,SVR
SVR_C0.1_gamma1_kernelrbf,0.03571590438432514,SVR
SVR_C1_gamma0.1_kernelrbf,0.03604978410499232,SVR
SVR_C10_gamma0.0001_kernelrbf,0.03621513788733522,SVR
SVR_C1_gamma0.001_kernelrbf,0.036223939734041574,SVR
SVR_C0.1_gamma0.01_kernelrbf,0.036361079579738866,SVR
SVR_C0.1_gammascale_kernelrbf,0.03636235852810834,SVR
SVR_C100_gamma0.0001_kernelrbf,0.03663807040172586,SVR
SVR_C10_gamma0.001_kernelrbf,0.03665533662939638,SVR
SVR_C0.1_gamma0.1_kernelrbf,0.036673387554204365,SVR
SVR_C10_gamma0.01_kernelrbf,0.03668056390724148,SVR
SVR_C1_gamma0.01_kernelrbf,0.03670030499843472,SVR
SVR_C100_gamma0.001_kernelrbf,0.03700240295588414,SVR
SVR_C1000_gamma0.0001_kernelrbf,0.037003227013402015,SVR
SVR_C1_gammascale_kernelrbf,0.037031772086139544,SVR
SVR_C1_gamma0.001_kernellinear,0.04233125735758194,SVR
SVR_C1_gamma0.0001_kernellinear,0.04233125735758194,SVR
SVR_C1_gamma0.01_kernellinear,0.04233125735758194,SVR
SVR_C1_gamma0.1_kernellinear,0.04233125735758194,SVR
SVR_C1_gamma1_kernellinear,0.04233125735758194,SVR
SVR_C1_gammascale_kernellinear,0.04233125735758194,SVR
SVR_C10_gamma0.1_kernelrbf,0.04349027125530508,SVR
SVR_C100_gamma0.01_kernelrbf,0.04385737833887446,SVR
SVR_C1000_gamma0.001_kernelrbf,0.045401143579897586,SVR
SVR_C1_gamma1_kernelrbf,0.0454213989110062,SVR
SVR_C10_gamma0.01_kernellinear,0.04669663733690366,SVR
SVR_C10_gammascale_kernellinear,0.04669663733690366,SVR
SVR_C10_gamma1_kernellinear,0.04669663733690366,SVR
SVR_C10_gamma0.1_kernellinear,0.04669663733690366,SVR
SVR_C10_gamma0.001_kernellinear,0.04669663733690366,SVR
SVR_C10_gamma0.0001_kernellinear,0.04669663733690366,SVR
SVR_C100_gamma0.1_kernellinear,0.05087047496316534,SVR
SVR_C100_gamma0.001_kernellinear,0.05087047496316534,SVR
SVR_C100_gammascale_kernellinear,0.05087047496316534,SVR
SVR_C100_gamma1_kernellinear,0.05087047496316534,SVR
SVR_C100_gamma0.0001_kernellinear,0.05087047496316534,SVR
SVR_C100_gamma0.01_kernellinear,0.05087047496316534,SVR
SVR_C1000_gamma0.1_kernellinear,0.05137140398538996,SVR
SVR_C1000_gammascale_kernellinear,0.05137140398538996,SVR
SVR_C1000_gamma0.01_kernellinear,0.05137140398538996,SVR
SVR_C1000_gamma1_kernellinear,0.05137140398538996,SVR
SVR_C1000_gamma0.0001_kernellinear,0.05137140398538996,SVR
SVR_C1000_gamma0.001_kernellinear,0.05137140398538996,SVR
SVR_C1000_gamma0.01_kernelrbf,0.054485682265423496,SVR
SVR_C10_gammascale_kernelrbf,0.0547330308413949,SVR
SVR_C100_gamma0.1_kernelrbf,0.0585845713096218,SVR
SVR_C10_gamma1_kernelrbf,0.05964157404124274,SVR
SVR_C100_gammascale_kernelrbf,0.06435290445190434,SVR
SVR_C1000_gamma0.1_kernelrbf,0.06913595191917252,SVR
SVR_C1000_gammascale_kernelrbf,0.07052390120290933,SVR
SVR_C100_gamma1_kernelrbf,0.0709220758317117,SVR
SVR_C1000_gamma1_kernelrbf,0.08227133104091704,SVR
